{"pixel_AUROC": 0.964719831943512, "image_AUROC": 0.9458189606666565, "image_F1Score": 0.8334612250328064}