{"pixel_AUROC": 0.9911878108978271, "image_AUROC": 0.8044796586036682, "image_F1Score": 0.6565874814987183}