{"pixel_AUROC": 0.9699696898460388, "image_AUROC": 0.9556145668029785, "image_F1Score": 0.854732871055603}