{"pixel_AUROC": 0.9634221196174622, "image_AUROC": 0.908388614654541, "image_F1Score": 0.798490583896637}
