{"pixel_AUROC": 0.9747280478477478, "image_AUROC": 0.9416245222091675, "image_F1Score": 0.8227360248565674}