{"pixel_AUROC": 0.9702697396278381, "image_AUROC": 0.9424456357955933, "image_F1Score": 0.824940025806427}