{"pixel_AUROC": 0.9658253788948059, "image_AUROC": 0.9450393915176392, "image_F1Score": 0.8337095379829407}