{"pixel_AUROC": 0.9929431676864624, "image_AUROC": 0.7139043807983398, "image_F1Score": 0.5769463181495667}