{"pixel_AUROC": 0.990946352481842, "image_AUROC": 0.6874269843101501, "image_F1Score": 0.5780474543571472}