{"pixel_AUROC": 0.9912865161895752, "image_AUROC": 0.6787838935852051, "image_F1Score": 0.5383631587028503}