{
    "EfficientAD": 0.0005326271057128906, 
    "PatchCore"  : 0.0011293888092041016, 
    "Draem"      : 0.00045371055603027344
}
